monthly_income,monthly_rate,percent_salary_hike
5993.0,19479,11
5130.0,24907,23
2090.0,2396,15
2909.0,23159,11
3468.0,16632,12
3068.0,11864,13
2670.0,9964,20
2693.0,13335,22
9526.0,8787,21
5237.0,16577,13
2426.0,16479,13
4193.0,12682,12
2911.0,15170,17
2661.0,8758,11
2028.0,12947,14
9980.0,10195,11
3298.0,15053,12
2935.0,7324,13
15427.0,22021,16
3944.0,4306,11
4011.0,8232,18
3407.0,6986,23
11994.0,21293,11
1232.0,19281,14
2960.0,17102,11
19094.0,10735,11
3919.0,4681,22
6825.0,21173,11
10248.0,2094,14
18947.0,22822,12
2496.0,6670,11
6465.0,19121,13
2206.0,16117,13
2086.0,3335,14
2293.0,3020,16
2645.0,21923,12
2683.0,3810,14
2014.0,9687,13
3419.0,13072,14
5376.0,3193,19
1951.0,10910,12
2341.0,19715,13
2293.0,10558,12
8726.0,2975,15
4011.0,10781,23
19545.0,16280,12
4568.0,10034,20
3022.0,10227,21
5772.0,20445,21
2269.0,4892,19
5381.0,19294,13
3441.0,11179,13
5454.0,4009,21
9884.0,8302,13
4157.0,21436,19
13458.0,15146,12
9069.0,11031,22
4014.0,16002,15
5915.0,9528,22
5993.0,2689,18
6162.0,10877,22
2406.0,5456,11
18740.0,16701,12
7637.0,2354,11
10096.0,8202,13
14756.0,19730,14
6499.0,22656,13
9724.0,18787,17
2194.0,5868,13
3388.0,21777,17
5473.0,24668,11
2703.0,4956,23
2501.0,18775,17
6220.0,7346,17
3038.0,22002,12
4424.0,20682,23
4312.0,23016,14
13245.0,15067,14
13664.0,25258,13
5021.0,10425,22
5126.0,15998,12
2859.0,26278,18
10239.0,18092,14
5329.0,15717,12
4325.0,17736,15
7260.0,21698,11
2322.0,9518,13
2075.0,18725,23
4152.0,15830,19
9619.0,13596,16
13503.0,14115,22
5441.0,8423,22
5209.0,19760,12
10673.0,3142,13
5010.0,24301,16
13549.0,24001,12
4999.0,17519,21
4221.0,8863,15
13872.0,24409,13
2042.0,25043,12
2073.0,23648,22
2956.0,15178,13
2926.0,19783,18
4809.0,12482,14
5163.0,15850,14
18844.0,21922,21
18172.0,9755,19
5744.0,26959,11
2889.0,26897,11
2871.0,23785,15
7484.0,25796,20
6074.0,22887,24
17328.0,13871,12
2774.0,13257,12
4505.0,15000,15
7428.0,14506,12
11631.0,5615,12
9738.0,22952,14
2835.0,2561,22
16959.0,19494,12
2613.0,22310,25
6146.0,15480,13
4963.0,4510,18
19537.0,6462,13
6172.0,20739,18
2368.0,23300,19
4907.0,3465,12
1675.0,26820,19
2523.0,19299,14
6567.0,5549,14
4739.0,16090,12
9208.0,6645,11
4559.0,24788,11
8189.0,21196,13
2942.0,8916,23
4941.0,2819,20
10650.0,25150,15
5902.0,14590,14
8639.0,24835,18
6347.0,13982,19
4200.0,10224,22
3452.0,9752,13
4317.0,2302,20
2632.0,23910,14
4668.0,22812,17
3204.0,10415,14
2720.0,11162,13
17181.0,12888,13
2238.0,6961,21
1483.0,16102,14
5605.0,8504,11
7295.0,11439,13
2306.0,16047,20
2348.0,10901,18
8998.0,15589,14
4319.0,26283,13
6132.0,13983,17
3346.0,11873,20
10855.0,8552,11
2231.0,11314,18
2323.0,11992,24
2024.0,5970,18
2713.0,6672,11
9439.0,23402,16
2566.0,25326,15
4907.0,17053,15
2451.0,4609,12
9419.0,8053,12
8686.0,12930,22
3038.0,12430,20
3058.0,13364,16
2325.0,20989,21
2088.0,15062,12
3072.0,11012,11
5006.0,6319,11
4257.0,13939,18
2500.0,10515,14
1102.0,9241,22
10453.0,2137,25
2288.0,6319,12
3929.0,6984,23
2311.0,5711,15
4907.0,21728,22
3690.0,3425,15
4450.0,26250,11
2756.0,4673,13
19033.0,6499,14
18722.0,13339,11
9547.0,14074,17
13734.0,7192,18
19999.0,5678,14
2279.0,11781,16
5916.0,15497,13
2089.0,5228,14
16792.0,20462,23
3564.0,22977,12
4425.0,15986,11
5265.0,16439,16
6553.0,7259,14
6261.0,4185,18
4298.0,9679,19
6804.0,23793,15
3815.0,5972,17
2741.0,16523,15
6673.0,11354,19
7639.0,24525,22
2328.0,12392,16
2153.0,7703,13
4876.0,14242,14
9396.0,12368,16
10400.0,25812,11
8474.0,20925,22
9981.0,12916,14
12490.0,15736,16
2657.0,8556,11
13591.0,14674,18
6696.0,22967,15
2058.0,19757,14
8865.0,16840,12
5940.0,17011,14
5914.0,9945,16
2622.0,13248,21
12185.0,10056,14
10609.0,9647,12
4345.0,4381,12
2177.0,8456,17
2793.0,2539,17
7918.0,6599,14
4907.0,9096,14
2389.0,14961,13
3212.0,3300,15
19232.0,4933,11
2267.0,25657,17
19517.0,24118,11
2436.0,22149,13
16064.0,7744,22
2707.0,21509,20
19068.0,21030,18
3931.0,20990,11
3730.0,9571,14
2232.0,15417,14
4465.0,12069,18
3072.0,19877,16
3319.0,24447,17
19202.0,15970,11
13675.0,13523,12
2911.0,14776,13
5957.0,23687,13
3920.0,18697,14
6434.0,5118,17
10048.0,22573,11
10938.0,6420,25
2340.0,22673,19
6545.0,23016,13
6931.0,10732,14
4898.0,7505,12
2593.0,8007,11
19436.0,5949,19
2723.0,23231,11
3479.0,11652,11
2794.0,26062,20
5249.0,19682,18
2176.0,19737,13
16872.0,14977,12
3485.0,14935,11
6644.0,3687,19
5582.0,14408,21
4000.0,18384,12
13496.0,7501,14
3210.0,20251,11
19045.0,18938,14
11849.0,10268,12
2070.0,2613,23
6502.0,22825,14
3230.0,10531,17
13603.0,11677,18
11996.0,19100,18
5605.0,19191,24
6397.0,26767,20
19144.0,15815,14
17584.0,21016,16
4907.0,24532,25
4554.0,20260,18
5415.0,15972,19
4741.0,22722,13
2115.0,15881,12
3161.0,19920,22
5745.0,18899,14
2373.0,14180,13
3310.0,4488,21
18665.0,25594,11
4485.0,26285,12
2789.0,3909,11
5828.0,8450,12
4907.0,11411,12
13525.0,14864,14
1420.0,25233,13
8020.0,5100,15
3688.0,7122,18
5482.0,16321,18
16015.0,15896,19
1200.0,9724,12
5661.0,4824,19
6929.0,12241,11
9613.0,10942,17
5674.0,6927,15
5484.0,16985,14
12061.0,26707,17
5660.0,17056,13
4821.0,10077,12
6410.0,17822,12
5210.0,20308,18
2695.0,7747,18
11878.0,23364,11
17068.0,5355,14
2455.0,10675,19
13964.0,17810,12
4941.0,17747,15
2478.0,20938,12
5228.0,24624,11
4478.0,5242,11
7547.0,7143,12
5055.0,10557,16
3464.0,24737,13
5775.0,11934,13
8943.0,14034,24
19272.0,21141,15
5238.0,17778,18
4682.0,4317,14
18300.0,16375,11
5257.0,6227,11
6349.0,22107,13
4869.0,16885,12
9985.0,9262,16
3697.0,9278,14
7457.0,13273,22
2119.0,4759,11
3983.0,7621,17
6118.0,5431,13
6214.0,3415,18
6347.0,23177,16
11510.0,15682,14
7143.0,25713,14
8268.0,11866,14
8095.0,18264,13
2904.0,16092,12
6032.0,10110,15
2976.0,25751,19
15992.0,15901,14
4649.0,16928,14
2696.0,24017,11
2370.0,3956,13
12504.0,23978,21
5974.0,17001,13
4736.0,6069,12
5296.0,20156,17
6781.0,17078,23
2174.0,9150,11
6653.0,15276,15
9699.0,7246,11
6755.0,2967,11
2213.0,22495,13
2610.0,2851,24
2851.0,9150,13
3452.0,17663,20
5258.0,16044,14
9355.0,9558,18
10496.0,2755,15
6380.0,6110,12
2657.0,7551,16
2716.0,25422,15
2201.0,18168,16
6540.0,19394,19
3816.0,17881,11
5253.0,20750,16
10965.0,12066,24
4936.0,14862,11
2543.0,11868,13
5304.0,4652,13
16659.0,23258,13
4260.0,5915,12
2476.0,17434,18
3102.0,6582,22
2244.0,24440,13
7596.0,3809,13
2285.0,3427,23
3034.0,26914,12
5715.0,22553,12
2576.0,20490,16
4197.0,21123,12
14336.0,4345,11
3448.0,13436,22
19406.0,8509,11
6538.0,12740,15
4306.0,4156,12
2258.0,15238,20
4522.0,2227,14
4487.0,12090,11
4449.0,23866,15
2218.0,16193,12
19197.0,8213,14
13212.0,18256,11
6577.0,19558,11
8392.0,19566,16
4558.0,13535,12
4031.0,9396,13
7969.0,19609,14
2654.0,9655,21
16555.0,10310,13
4556.0,12932,11
6091.0,24793,20
19566.0,3854,11
4810.0,26314,14
4523.0,4386,11
3202.0,21972,16
2351.0,12253,16
1702.0,12106,23
18041.0,13022,14
2886.0,3032,22
2097.0,16734,15
11935.0,21526,18
2546.0,18300,16
2564.0,18437,12
8412.0,2890,11
14118.0,22102,12
17046.0,9314,15
2564.0,7181,14
10266.0,2845,19
5070.0,7389,13
17861.0,2288,13
4230.0,19225,15
3780.0,23428,11
2768.0,8416,12
9071.0,11563,19
10648.0,14394,25
13610.0,24619,12
3408.0,6705,13
2983.0,18398,14
7632.0,14295,12
9824.0,22908,12
9950.0,11533,15
2093.0,9260,17
9980.0,15318,14
3894.0,9129,16
4051.0,19658,14
16835.0,9873,23
6230.0,13430,14
4717.0,18659,11
13237.0,20364,15
3755.0,17872,11
6582.0,8346,13
7406.0,6950,21
4805.0,16177,19
2741.0,22808,11
4262.0,22645,12
16184.0,22578,19
11557.0,25291,21
1878.0,8059,14
10932.0,11373,15
6811.0,2112,17
4306.0,4267,12
4859.0,6698,16
5337.0,19921,12
2340.0,23213,18
7491.0,23848,17
10527.0,8984,11
16595.0,5626,16
8834.0,24666,13
5577.0,22087,12
4707.0,23914,12
2400.0,5530,13
9824.0,22174,19
6447.0,15701,12
19502.0,2125,17
2725.0,21630,11
6272.0,7428,20
2127.0,9100,21
18200.0,7999,11
2096.0,26376,11
2886.0,14168,16
2033.0,14470,18
3622.0,22794,13
4233.0,11512,17
3681.0,14004,14
5460.0,6219,22
2187.0,5013,12
9602.0,3010,11
2836.0,11757,13
4089.0,5718,13
16627.0,2671,14
2619.0,14561,17
5679.0,19627,13
15402.0,17997,11
5985.0,26894,11
2579.0,2912,18
3041.0,16346,11
3447.0,24444,11
19513.0,9358,12
2773.0,12145,20
7104.0,20431,12
6322.0,18089,12
2083.0,22653,20
8381.0,7507,20
2691.0,7660,12
4286.0,5630,14
2659.0,17759,13
9434.0,9606,15
5561.0,3487,14
6646.0,19368,13
7725.0,5335,23
10725.0,6729,15
8847.0,13934,11
2045.0,15174,13
1009.0,26999,11
3348.0,3164,11
1281.0,16900,18
2819.0,8544,16
4851.0,15678,22
4028.0,7791,20
2720.0,18959,18
8120.0,18597,12
4647.0,16673,20
4680.0,15232,17
3221.0,3297,11
8621.0,17654,14
4577.0,24785,14
4553.0,20978,11
5396.0,21703,12
6796.0,23452,14
7625.0,19383,13
7412.0,6009,11
11159.0,19373,15
4960.0,11825,12
10475.0,23772,21
14814.0,13514,19
19141.0,8861,15
5405.0,11924,14
8793.0,4809,21
19189.0,19562,12
3875.0,9983,15
2216.0,3872,13
11713.0,20335,14
7861.0,15397,14
3708.0,2104,14
13770.0,10225,12
5304.0,25275,23
2642.0,2755,11
2759.0,20366,12
6804.0,23683,18
6142.0,7360,11
2500.0,4344,14
6389.0,18767,15
11103.0,20420,11
2342.0,22929,20
6811.0,23398,19
2297.0,17967,14
2450.0,10919,17
5093.0,4761,11
5309.0,21146,15
3057.0,20471,13
5121.0,4187,14
16856.0,10084,11
2686.0,5207,13
6180.0,22807,23
6632.0,12388,13
3505.0,19630,18
6397.0,10339,12
6274.0,18686,22
19859.0,21199,13
7587.0,14229,15
4258.0,26589,18
4364.0,5288,14
4335.0,25549,12
5326.0,3064,17
3280.0,13551,16
5485.0,22670,11
4342.0,24008,19
2782.0,19905,13
5980.0,26085,12
4381.0,7530,11
2572.0,20317,16
3833.0,24375,21
4244.0,9931,24
6500.0,13305,17
18430.0,16225,13
1601.0,3445,21
2694.0,26551,11
3149.0,21821,20
17639.0,6881,16
2319.0,6689,11
11691.0,25995,11
5324.0,26507,15
16752.0,12982,11
5228.0,23361,15
2700.0,23779,24
19246.0,25761,12
2506.0,13301,13
6062.0,4051,13
4382.0,16374,17
2143.0,25527,13
6162.0,19124,12
5094.0,11983,14
6877.0,20234,24
2274.0,6153,14
4434.0,11806,13
6288.0,4284,15
2553.0,8306,16
7654.0,5860,18
5160.0,21519,16
17159.0,5200,24
12808.0,8842,16
10221.0,18869,21
4779.0,3698,20
3737.0,2243,19
2366.0,20898,14
1706.0,16571,11
16307.0,5594,14
5933.0,5197,12
3424.0,21632,13
4037.0,21816,22
2559.0,17852,11
6201.0,2823,14
4403.0,9250,11
3761.0,2373,12
10934.0,20715,18
10761.0,19239,12
5175.0,22162,12
13826.0,19028,22
6334.0,24558,19
4936.0,23965,13
4775.0,19146,22
2818.0,5044,24
2515.0,9068,14
2342.0,8635,21
4194.0,14363,18
10685.0,23457,20
2022.0,16612,19
2314.0,9148,12
4256.0,18154,12
3580.0,10554,16
3162.0,10778,17
6524.0,8891,14
2899.0,12102,19
5231.0,23726,13
2356.0,14871,19
2800.0,23522,19
11836.0,22789,14
10903.0,9129,16
2973.0,21222,15
14275.0,20206,18
5562.0,21782,13
4537.0,17783,22
7642.0,4814,13
17924.0,4544,11
5204.0,7790,11
2277.0,22650,11
2795.0,18016,24
2532.0,6054,14
2559.0,7508,13
4907.0,24252,14
2380.0,13384,14
4765.0,23814,21
2044.0,22052,13
2693.0,8870,19
4907.0,4821,17
3294.0,13137,18
4171.0,10022,19
2778.0,17725,13
2377.0,9834,18
2404.0,4303,21
2318.0,17808,19
2008.0,6896,14
6244.0,7824,17
2799.0,3339,11
10552.0,9255,13
2329.0,11737,15
4014.0,19170,25
7403.0,22477,11
2259.0,5543,17
6932.0,24406,13
4678.0,23293,18
13582.0,16292,13
2332.0,3974,20
2413.0,18798,18
9705.0,20652,12
4294.0,11148,12
4721.0,3119,13
2519.0,12287,21
2121.0,9947,13
2973.0,13008,19
5855.0,17369,11
3617.0,25063,14
6725.0,13554,12
10325.0,5518,11
6949.0,12291,14
10609.0,14922,11
4447.0,23163,12
2157.0,18203,15
4601.0,6179,16
17099.0,13829,15
2479.0,26227,24
14852.0,13938,13
7264.0,9977,11
5666.0,19899,13
7823.0,6812,13
7880.0,2560,18
13194.0,17071,16
5067.0,6759,19
5079.0,25952,13
2321.0,10322,22
17444.0,20489,11
2404.0,11479,20
3452.0,17241,18
2270.0,11005,14
17399.0,6615,22
5488.0,20161,13
19419.0,3735,17
2811.0,12086,14
3633.0,14039,15
4163.0,8571,17
2132.0,11539,11
13973.0,4161,18
2684.0,12127,17
10845.0,24208,13
4377.0,24117,15
3743.0,10074,24
4148.0,11275,12
1051.0,13493,15
10739.0,13943,11
10388.0,6975,11
11416.0,17802,12
2600.0,18275,15
2422.0,25725,17
5472.0,3334,12
2451.0,6881,15
4240.0,13119,13
10999.0,22245,14
4907.0,23371,14
12742.0,7060,16
4227.0,4658,18
3917.0,9541,20
18303.0,7770,13
2380.0,20165,18
13726.0,21829,13
4777.0,14382,15
6385.0,12992,14
19973.0,20284,22
6861.0,4981,12
4969.0,21813,18
19845.0,25846,15
13320.0,11737,18
6347.0,24920,12
2743.0,8269,16
10880.0,5083,13
2342.0,21437,19
17650.0,5404,13
4025.0,11135,12
9725.0,12278,11
11904.0,11038,14
2177.0,8318,16
7525.0,23537,12
4834.0,7858,14
2042.0,15346,14
2220.0,18410,19
1052.0,23384,22
2821.0,2997,16
19237.0,12853,11
4107.0,13848,15
8396.0,22217,14
2007.0,25265,13
19627.0,21445,17
10686.0,8392,11
2942.0,12154,19
8858.0,15669,11
16756.0,17323,15
10798.0,5268,13
2323.0,17205,14
1416.0,17258,13
4615.0,21029,23
2461.0,10332,12
8722.0,12355,12
3955.0,11141,16
9957.0,9096,15
3376.0,18863,13
8823.0,24608,18
10322.0,26542,20
4621.0,5869,19
10976.0,15813,18
3660.0,7909,13
4907.0,2326,14
7119.0,21214,15
9582.0,10333,22
4508.0,3129,22
2207.0,22482,16
7756.0,22266,17
6694.0,24223,14
3691.0,4605,15
2377.0,19373,20
2313.0,2993,20
17665.0,14399,17
2596.0,7160,15
4728.0,17251,14
4302.0,13401,17
4907.0,22478,17
16885.0,16154,22
5593.0,17970,13
10445.0,15322,19
8740.0,5569,14
2514.0,26968,22
7655.0,8039,17
17465.0,15596,12
7351.0,20619,16
10820.0,11535,11
12169.0,13547,11
19626.0,17544,14
2070.0,25326,11
6782.0,8770,15
7779.0,23238,20
2791.0,21981,12
3201.0,19911,17
4968.0,18500,11
13120.0,11879,17
4033.0,15834,11
3291.0,17940,14
4272.0,9558,19
5056.0,17689,15
2844.0,6004,13
2703.0,22088,14
1904.0,13556,12
8224.0,18385,17
4766.0,9051,11
2610.0,6233,12
5731.0,17171,13
2539.0,7950,13
5714.0,5829,20
4323.0,7108,17
7336.0,11162,13
13499.0,13782,17
13758.0,2447,12
5155.0,2253,13
2258.0,16340,12
3597.0,6409,22
2515.0,22955,11
4420.0,13421,22
6578.0,2706,18
4422.0,21203,13
10274.0,19588,18
5343.0,25755,20
2376.0,26537,13
5346.0,9489,13
2827.0,14947,12
19943.0,18575,13
3131.0,26342,13
2552.0,7172,25
4477.0,20100,19
6474.0,9961,13
3033.0,12828,12
2936.0,10826,11
18606.0,18640,18
2168.0,26933,18
2853.0,4223,11
17048.0,24097,23
2290.0,4279,13
3600.0,8429,13
2107.0,20293,17
4115.0,13192,19
4327.0,25440,12
17856.0,9490,22
3196.0,12449,12
19081.0,10849,11
8966.0,21026,15
2210.0,3372,13
4539.0,4905,12
2741.0,6865,14
3491.0,11309,13
4541.0,7744,25
2678.0,5050,17
7379.0,17433,11
6272.0,12858,16
5220.0,10893,18
2743.0,7331,20
4998.0,2338,14
10252.0,4235,21
2781.0,6311,13
6852.0,11591,12
4950.0,20623,14
3579.0,9369,21
13191.0,23281,17
10377.0,13755,11
2235.0,14377,14
10502.0,9659,17
2011.0,19982,13
1859.0,6148,25
3760.0,5598,15
17779.0,23474,14
6833.0,17089,12
6812.0,17198,19
5171.0,16490,17
19740.0,18625,14
18711.0,12124,13
3692.0,9256,12
2559.0,16620,11
2517.0,3208,11
6623.0,4204,11
18265.0,8733,12
16124.0,3423,14
2585.0,21643,17
18213.0,8751,11
8380.0,21708,14
2994.0,21221,12
1223.0,16901,22
1118.0,8040,14
2875.0,9973,20
18824.0,2493,16
13577.0,25592,15
2625.0,25308,20
18789.0,9946,14
4538.0,6039,12
19847.0,19196,24
10512.0,20002,12
4444.0,22534,13
2154.0,6842,11
19190.0,17477,14
4907.0,21833,11
3506.0,6020,14
2372.0,5628,16
10231.0,20364,14
5410.0,2323,11
7978.0,14075,11
3867.0,14222,12
2838.0,4257,14
4695.0,12858,18
3339.0,17285,13
2080.0,4732,11
2096.0,18830,18
6209.0,11693,15
18061.0,13035,22
17123.0,17334,13
2372.0,26076,12
4883.0,22845,18
3904.0,22154,13
4627.0,23631,12
7094.0,5747,12
3423.0,22957,12
6674.0,16392,11
16880.0,22422,11
9094.0,17235,12
8446.0,21534,19
11916.0,25927,23
4534.0,13352,11
9852.0,8935,19
6151.0,22074,13
2302.0,8319,11
2362.0,14669,12
17861.0,26582,13
19187.0,6992,14
19717.0,4022,14
3544.0,8532,16
8500.0,5494,11
4661.0,22455,13
4103.0,4297,17
4249.0,2690,11
14026.0,17588,11
6893.0,19461,15
6125.0,23553,12
3669.0,9075,11
10008.0,12023,14
2387.0,6762,22
4639.0,2261,16
7898.0,18706,11
2534.0,6527,14
13142.0,24439,16
1611.0,19305,15
5363.0,10846,12
5071.0,20392,20
13695.0,9277,17
13402.0,18235,12
2029.0,15891,20
6377.0,13888,20
5429.0,17491,13
2785.0,11882,14
4614.0,23288,18
2610.0,15748,11
6687.0,6163,11
4724.0,24232,11
6179.0,21057,15
6120.0,3567,12
10596.0,15395,11
5467.0,13953,14
2996.0,5182,15
9998.0,19293,13
4078.0,20497,13
10920.0,3449,21
6232.0,12477,11
13247.0,9731,11
4081.0,20003,14
5769.0,7100,11
2394.0,25681,13
3904.0,4050,12
16799.0,16616,14
2950.0,17363,13
3629.0,19106,18
9362.0,19944,11
3229.0,4910,11
3578.0,23577,12
7988.0,9769,13
4284.0,22710,20
7553.0,22930,12
17328.0,5652,19
19701.0,22456,21
14732.0,12414,13
9278.0,20763,16
1359.0,16154,12
4779.0,12761,14
16422.0,8847,11
2996.0,20284,14
1261.0,22262,12
2099.0,7679,14
4907.0,22604,16
5647.0,13494,13
3420.0,10205,12
4400.0,15182,12
3500.0,25470,14
2066.0,10494,22
17169.0,26703,19
4162.0,15211,12
9204.0,23343,12
3294.0,3708,17
2127.0,5561,12
3975.0,23099,11
10793.0,8386,18
10096.0,15986,11
3646.0,17181,23
7446.0,8931,11
10851.0,19863,18
2109.0,24609,18
3722.0,21081,13
9380.0,14720,18
5486.0,24795,11
2742.0,3072,15
13757.0,25178,11
8463.0,23490,18
3162.0,7973,14
16598.0,19764,12
6651.0,21534,14
2345.0,8045,14
3420.0,21158,13
4373.0,17456,14
4759.0,15891,18
5301.0,2939,15
3673.0,16458,13
4768.0,9282,12
1274.0,7152,13
4900.0,2721,24
10466.0,20948,14
17007.0,11929,14
2909.0,15747,15
5765.0,17485,11
4599.0,7815,23
2404.0,16192,13
3172.0,16998,11
2033.0,7103,13
10209.0,19719,18
8620.0,23757,14
2064.0,15428,21
4035.0,16143,16
3838.0,8192,11
4591.0,24200,17
2561.0,5355,11
1563.0,12530,14
4898.0,11827,14
4789.0,23070,25
3180.0,4668,13
6549.0,3173,14
6388.0,22049,17
11244.0,21072,25
16032.0,24456,20
2362.0,7568,13
16328.0,22074,13
8376.0,9150,18
16606.0,11380,12
8606.0,21195,19
2272.0,24812,14
2018.0,21831,14
7083.0,12288,14
4084.0,4156,12
14411.0,24450,13
2308.0,4944,25
4841.0,24052,14
4285.0,3031,17
4907.0,7288,13
4320.0,24152,13
2132.0,4585,20
10124.0,18611,14
5473.0,19345,12
5207.0,22949,12
16437.0,17381,21
2296.0,10036,14
4069.0,8841,18
7441.0,20933,12
2430.0,26204,23
5878.0,15624,12
2644.0,17001,21
6439.0,13693,14
2451.0,22376,18
6392.0,10589,13
9714.0,5323,11
6077.0,14814,11
2450.0,21731,19
9250.0,17799,12
2074.0,26619,12
10169.0,14618,16
4855.0,7653,11
4087.0,25174,14
2367.0,16530,12
2972.0,22061,13
19586.0,23037,21
5484.0,13008,17
2061.0,11133,21
9924.0,12355,11
4198.0,16379,12
6815.0,21447,13
4723.0,16213,18
6142.0,4223,16
8237.0,4658,11
8853.0,24483,19
19331.0,19519,16
2073.0,12826,16
5562.0,19711,13
19613.0,26362,22
3407.0,25348,17
5063.0,15332,14
4639.0,11262,15
4876.0,5855,12
2690.0,7713,18
17567.0,3156,15
2408.0,7324,17
2814.0,10293,14
11245.0,20689,15
3312.0,18783,17
19049.0,3549,14
2141.0,5348,12
5769.0,23447,14
4385.0,24162,15
5332.0,21602,13
4663.0,12421,12
4724.0,17000,13
3211.0,22102,14
5377.0,3835,13
4066.0,16290,11
5208.0,26312,11
4877.0,20460,21
3117.0,26009,18
1569.0,18420,12
19658.0,5220,11
3069.0,10302,15
10435.0,25800,13
4148.0,12250,12
5768.0,26493,17
5042.0,3140,13
5770.0,5388,19
7756.0,14199,19
10306.0,21530,17
3936.0,9953,11
7945.0,19948,15
5743.0,10503,11
15202.0,5602,25
5440.0,22098,14
3760.0,17218,13
3517.0,22490,17
2580.0,6297,13
2166.0,3339,14
5869.0,23413,11
8008.0,22792,12
5206.0,4973,17
5295.0,7693,21
16413.0,3498,16
13269.0,21981,15
2783.0,13251,19
5433.0,19332,12
2013.0,10950,11
13966.0,11652,19
4374.0,15411,15
6842.0,26308,20
17426.0,18685,25
17603.0,3525,24
4581.0,10414,24
4735.0,9867,15
4187.0,3356,13
5505.0,3921,14
5470.0,25518,13
5476.0,22589,11
2587.0,24941,16
2440.0,23826,22
15972.0,21086,14
15379.0,22384,14
7082.0,11591,16
2728.0,21082,11
5368.0,16130,25
5347.0,7419,14
3195.0,4167,18
3989.0,20586,11
3306.0,26176,19
7005.0,3458,15
2655.0,11740,11
1393.0,24852,12
2570.0,11925,20
3537.0,23737,12
3986.0,11912,14
10883.0,20467,20
2028.0,13637,18
9525.0,7677,14
2929.0,20338,12
2275.0,25103,21
7879.0,14810,19
4930.0,13970,14
7847.0,6069,17
4401.0,17616,16
9241.0,15869,12
2974.0,25412,17
4502.0,7439,15
10748.0,3395,23
1555.0,11585,11
12936.0,24164,11
2305.0,6217,15
16704.0,17119,11
3433.0,17360,13
3477.0,18103,14
6430.0,20794,19
6516.0,5041,16
3907.0,3622,13
5562.0,9697,14
6883.0,5151,16
2862.0,3811,12
4978.0,3536,11
10368.0,5596,12
6134.0,8658,13
6735.0,12147,15
3295.0,12862,13
5238.0,6670,20
6472.0,8989,15
9610.0,3840,13
19833.0,4349,14
9756.0,6595,21
4968.0,26427,16
2145.0,2097,14
2180.0,9732,11
8346.0,20943,19
3445.0,6152,11
4907.0,14630,13
6294.0,23060,12
7140.0,3088,11
2932.0,5586,14
5147.0,10697,15
4507.0,8191,12
8564.0,10092,20
2468.0,15963,14
8161.0,19002,13
2109.0,10007,13
5294.0,9128,16
2718.0,17674,14
5811.0,24539,16
2437.0,15587,16
2766.0,8952,22
19038.0,19805,12
3055.0,6194,15
2289.0,20520,20
4001.0,12313,14
12965.0,22308,20
3539.0,5033,13
6029.0,25353,12
2679.0,4567,13
3702.0,16376,11
2398.0,15999,17
5468.0,13402,14
13116.0,22984,11
4189.0,8800,14
19328.0,14218,17
8321.0,25949,13
2342.0,11092,12
4071.0,12832,13
5813.0,13492,18
3143.0,6076,19
2044.0,5531,11
13464.0,7914,21
7991.0,25166,15
3377.0,25605,17
5538.0,5696,18
5762.0,24442,14
2592.0,7129,13
5346.0,6208,17
4213.0,4992,15
4127.0,19188,18
2438.0,24978,13
6870.0,15530,12
10447.0,26458,13
9667.0,2739,14
2148.0,6889,11
8926.0,10842,22
6513.0,9060,17
6799.0,22128,21
16291.0,22577,22
2705.0,9696,16
10333.0,19271,12
4448.0,10748,12
6854.0,15696,15
9637.0,8277,14
3591.0,12719,25
5405.0,4244,20
4684.0,9125,13
15787.0,21624,14
1514.0,8018,16
2956.0,21495,17
2335.0,3157,15
5154.0,19665,22
6962.0,19573,22
5675.0,19246,20
2379.0,19826,14
3812.0,7003,13
4648.0,26075,13
2936.0,6161,22
2105.0,5411,12
8578.0,19989,14
2706.0,10494,15
6384.0,21143,17
3968.0,13624,13
9907.0,26186,12
13225.0,7739,12
3540.0,7018,21
2804.0,15434,11
19392.0,22539,13
19665.0,13583,12
2439.0,14753,24
7314.0,14011,21
4774.0,23844,19
3902.0,5141,14
2662.0,7975,20
2856.0,3692,19
1081.0,16019,13
2472.0,26092,23
5673.0,6060,13
4197.0,18624,11
9713.0,24444,13
2062.0,19384,14
4284.0,13588,22
4788.0,25388,11
5906.0,23888,13
3886.0,4223,21
16823.0,18991,11
2933.0,14908,13
6500.0,26997,14
17174.0,2437,11
5033.0,9364,15
2307.0,14460,23
2587.0,10261,16
5507.0,16822,16
4393.0,26841,21
13348.0,14842,13
6583.0,20115,11
8103.0,16495,12
3978.0,16031,12
2544.0,7102,18
5399.0,14511,12
5487.0,10410,14
6834.0,19255,12
1091.0,10642,17
5736.0,3987,19
2226.0,6073,11
5747.0,26496,15
9854.0,23352,11
5467.0,2125,18
5380.0,20328,16
5151.0,12315,25
2133.0,18115,16
17875.0,11761,13
2432.0,15318,14
4771.0,14293,19
19161.0,13738,15
5087.0,2900,12
2863.0,19555,12
5561.0,15975,16
2144.0,2122,14
3065.0,3995,13
2810.0,9238,22
9888.0,6770,21
8628.0,22914,18
2867.0,20006,13
5373.0,6225,12
6667.0,16542,18
5003.0,5771,21
2367.0,18779,12
2858.0,11473,14
5204.0,13586,11
4105.0,5099,14
9679.0,10138,24
5617.0,21075,11
10448.0,5843,13
2897.0,22474,11
5968.0,18079,20
7510.0,16873,17
2991.0,5224,11
19636.0,25811,18
1129.0,17536,11
13341.0,25098,12
4332.0,14811,12
11031.0,26862,20
4440.0,25198,19
4617.0,14120,12
2647.0,13672,13
6323.0,26849,11
5677.0,4258,14
2187.0,19655,14
3748.0,4077,13
3977.0,7298,19
8633.0,13084,23
2008.0,20439,12
4440.0,7636,15
3067.0,6393,19
5321.0,14284,11
5410.0,11189,17
2782.0,21412,22
11957.0,17231,18
2660.0,20232,11
3375.0,17624,12
5098.0,18698,19
4878.0,21653,13
2837.0,15919,13
2406.0,4060,19
2269.0,18024,14
4108.0,5340,13
13206.0,3376,12
10422.0,24032,19
13744.0,15471,25
4907.0,13684,22
3482.0,19788,15
2436.0,13422,12
2380.0,25479,11
19431.0,15302,13
1790.0,26956,19
7644.0,12695,19
5131.0,9192,13
6306.0,26236,21
4787.0,26124,14
18880.0,17312,11
2339.0,3666,11
13570.0,5640,23
6712.0,8978,21
5406.0,10436,24
8938.0,12227,11
2439.0,11288,14
8837.0,16642,16
5343.0,5982,11
6728.0,14255,12
6652.0,14369,13
4850.0,23333,15
2809.0,2725,14
5689.0,24594,14
2001.0,12549,14
2977.0,8952,12
4025.0,23679,13
3785.0,8489,14
10854.0,16586,13
12031.0,8828,11
9936.0,3787,19
2966.0,21378,18
2571.0,12290,17
9991.0,21457,15
6142.0,5174,20
5390.0,13243,14
4404.0,10228,12
